document_type,doc_count,min_word_count,q1_word_count,median_word_count,q3_word_count,max_word_count,mean_word_count,std_word_count,global_normalized_mean,within_type_normalized_mean
Business Overview,249,0,7961.0,10492.0,12945.0,56783,11037.694779116466,7100.135143194523,0.7826248249839007,1.0
Earnings Call Transcript,960,2328,9538.75,11009.5,12643.0,19508,11138.089583333332,2505.026678366579,0.7897432919873711,1.0000000000000002
MD&A,995,0,15146.5,21176.0,30756.0,119652,24168.325628140705,16359.252849850101,1.713648727691273,1.0
Market Risk,84,0,1064.75,1802.0,4964.5,81520,7471.178571428572,14057.426340019621,0.5297419378682802,1.0
News Article,203,152,716.0,1211.0,2464.0,9954,1910.551724137931,1833.7324515846185,0.13546716399108727,1.0
Risk Factors,492,0,814.0,4846.5,13076.25,25359,7249.341463414634,7086.7980944453375,0.5140126364780274,1.0
